ligandos,Interacciones
Complex_EGFR_P_MAPK1_160_L_MAPK1,"HI. I31, A52, K54; HB. Q105."
Complex_EGFR_P_MAPK1_171_L_MAPK1,"HI. A52, L156; HB. M108, D111, S153, D167; π-c. K54."
Complex_EGFR_P_MAPK1_172_L_MAPK1,"HI. I31, Y36, V39, K54, K114, L156, D167."
Complex_EGFR_P_MAPK1_173_L_MAPK1,"HI. I31, V39, A52, L107, M108, K114, L156; HB. E33, Y36, K54, M108."
Complex_EGFR_P_SRC_206_L_SRC,"HI. L273, A293, K295, I336, T338, L393; HB. M341; π-c. K295."
Complex_EGFR_P_SRC_207_L_SRC,"HI. V281, A293, K295, T338, L393; HB. T338, M341, N391; π-c. K295."
Complex_EGFR_P_SRC_208_L_SRC,"HI. L273, V281, K295, T338, L393; HB. T338, D348; π-c. K295."
Complex_EGFR_P_SRC_209_L_SRC,"HI. L273, V281, A293, T338, L393, A403; HB. E339, S342."
Complex_EGFR_P_SRC_210_L_SRC,"HI. L273, A293, K295, I336, T338, L393; HB. M341; π-c. K295."
Complex_EGFR_P_SRC_211_L_SRC,"HI. L273, A293, K295, E310, I336, T338, L393; HB. Y340, M341, G344."
Complex_EGFR_P_SRC_212_L_SRC,"HI. L273, A293, K295, I336, T338, L393; HB. M341; π-c. K295."
Complex_EGFR_P_SRC_213_L_SRC,"HI. L273, A293, K295; HB. M341, S345; HalB. A293, I336."
Complex_EGFR_P_SRC_214_L_SRC,"HI. L273, A293, K295, I336, T338, L393; HB. M341; π-c. K295."
Complex_EGFR_P_SRC_215_L_SRC,"HI. L273, A293, K295, I336, T338, L393; HB. M341; π-c. K295."
Complex_EGFR_P_SRC_216_L_SRC,"HI. L273, A293, K295, I336, T338, L393; HB. M341; π-c. K295."
Complex_EGFR_P_SRC_217_L_SRC,"HI. L273, A293, K295, T338, L393; HB. M341; π-c. K295."
Complex_EGFR_P_SRC_218_L_SRC,"HI. V271, L273, V281, K295, I336, T338, Y340, L393; HB. S345, D348; Wat. D404."
Complex_EGFR_P_SRC_219_L_SRC,"HI. V271, L273, V281, A293, K295, E310, I336, T338, L393; HB. T338, S345, D348."
Complex_EGFR_P_SRC_220_L_SRC,"HI. L273, V281, K295, I336, T338; HB. T338, M341; π-c. K295."
Complex_EGFR_P_SRC_221_L_SRC,"HI. L273, V281, A293, M341, D348, L393; HB. Y340, M341, G344, D348; SB. E310; Wat. D404."
Complex_EGFR_P_SRC_222_L_SRC,"HI. L273; HB. T338, M341, D404."
Complex_EGFR_P_SRC_223_L_SRC,"HI. L273, V281, A293, K295, I336, T338, L393; HB. M341, D404."
Complex_EGFR_P_SRC_224_L_SRC,"HI. L273, A293, K295, E310, I336, T338, Y340, L393; HB. S345, D348, D404; π-c. K295."
Complex_EGFR_P_SRC_225_L_SRC,"HI. L273, A293, K295, I336, T338; HB. T338, Y340, M341; π-c. K295."
Complex_EGFR_P_SRC_227_L_SRC,"HI. L273, V281; HB. M341, G344, D404."
Complex_EGFR_P_SRC_228_L_SRC,"HI. L273, A293, K295, I336, T338; HB. K295, I336, T338, M341, D404."
Complex_EGFR_P_SRC_229_L_SRC,"HI. L273, V281, Y340, L393; HB. E339, M341; SB. D348."
Complex_EGFR_P_SRC_230_L_SRC,"HI. L273, A293, K295, I336, T338, L393; HB. M341; π-c. K295."
Complex_EGFR_P_SRC_231_L_SRC,"HI. L273, V281, K295, I336, T338; HB. T338, M341; π-c. K295."
Complex_EGFR_P_SRC_233_L_SRC,"HI. A293, K295, I336, T338, L393; HB. M341, D404."
Complex_EGFR_P_SRC_234_L_SRC,"HI. L273, V281, A293, K295, I336, T338, L393; HB. A293, K295, T338, D404."
Complex_MAPK1_P_EGFR_0_L_EGFR,"HI. L718, A743, K745, L788, T790, L844, L858; HB. K745, T790; π-s. F723; HalB. Q791."
Complex_MAPK1_P_EGFR_14_L_EGFR,"HI. L718, V726, A743, K745, L792, M793, L844; HB. K745, T790, Q791, M793."
Complex_MAPK1_P_EGFR_18_L_EGFR,"HI. L718, F723, V726, A743, K745, L792, M793, L844; HB. T790, Q791, M793; SB. D855."
Complex_MAPK1_P_EGFR_20_L_EGFR,"HI. L718, V726, A743, L792, M793, L844; HB. K745, E758, E762, T790, D855."
Complex_MAPK1_P_EGFR_24_L_EGFR,"HI. L718, A743, L844, L858; HB. K745, M793, D837, D855; HalB. E762."
Complex_MAPK1_P_EGFR_25_L_EGFR,"HI. L718, F723, A743, M793, L844; HB. M793; π-s. F723."
Complex_MAPK1_P_EGFR_28_L_EGFR,"HI. L718, V726, A743, L792, M793, L844; HB. K745, E762, T790, M793."
Complex_MAPK1_P_EGFR_29_L_EGFR,"HI. L718, V726, A743, K745, L792, M793, L844; HB. K745, Q791; π-s. F723."
Complex_MAPK1_P_EGFR_2_L_EGFR,"HI. L718, A743, L792, L844; HB. K745, E758, T790; π-s. F723."
Complex_MAPK1_P_EGFR_31_L_EGFR,"HI. F723, A743, L747, L844; HB. E762, D855."
Complex_MAPK1_P_EGFR_32_L_EGFR,"HI. A743, K745, L788, T790, L792, M793, Y801, E804, L844; HB. T790, Q791, M793, P794."
Complex_MAPK1_P_EGFR_35_L_EGFR,"HI. L718, V726, A743, K745, L788, T790, Y801; HB. L718, M793, P794."
Complex_MAPK1_P_EGFR_37_L_EGFR,"HI. V726, A743, K745, L792; HB. P794; HalB. L788."
Complex_MAPK1_P_EGFR_39_L_EGFR,"HI. V726, L792, M793, L844, D855; HB. L718, E762, T790, Q791, M793."
Complex_MAPK1_P_EGFR_44_L_EGFR,"HI. L718, F723, V726, A743, L792, L844; HB. K745, T790, G796, D855."
Complex_MAPK1_P_EGFR_46_L_EGFR,"HI. L718, V726, K728, L792, M793, L1001; HB. K745, T790, Q791, M793."
Complex_MAPK1_P_EGFR_4_L_EGFR,"HI. L718, F723, A743, L844; HB. K745, E762, T790, M793, D855."
Complex_MAPK1_P_EGFR_50_L_EGFR,"HI. L718, A743, K745, L792, M793, D800, Y801; HB. K745, T790, Q791, M793."
Complex_MAPK1_P_EGFR_53_L_EGFR,"HI. L718, V726, A743, L844, L858; HB. K745, E762, T790, M793, D855."
Complex_MAPK1_P_EGFR_56_L_EGFR,"HI. L718, F723, V726, L792; HB. T790, Q791, M793."
Complex_MAPK1_P_EGFR_57_L_EGFR,"HI. L718, F723, V726, A743, L792, M793, L844; HB. G796; π-s. F723."
Complex_MAPK1_P_EGFR_5_L_EGFR,"HI. L718, V726, A743, F795, L844; HB. L718, T790, P794, T854."
Complex_MAPK1_P_EGFR_61_L_EGFR,"HI. L718, V726, A743, K745, L792, M793, D800, L844; HB. T790, Q791, M793."
Complex_MAPK1_P_EGFR_63_L_EGFR,"HI. L718, V726, A743, L792, M793, D800, Y801, E804; HB. T790, Q791, M793, P794."
Complex_MAPK1_P_EGFR_65_L_EGFR,"HI. L718, F723, V726, M793, L844; HB. K745, T790, D855."
Complex_MAPK1_P_EGFR_66_L_EGFR,"HI. L792, M793, D800, Y801, E804, L844, D855; HB. E762, T790, Q791, M793, P794."
Complex_MAPK1_P_EGFR_67_L_EGFR,"HI. L718, V726, A743, K745, L788, T790, L844; HB. T790, M793, P794."
Complex_MAPK1_P_EGFR_68_L_EGFR,"HI. V726, A743, K745, T790, L792, M793, D800, Y801, E804, L844; HB. E762, T790, Q791, M793."
Complex_MAPK1_P_EGFR_69_L_EGFR,"HI. L718, F723, V726, A743, L844, L858; HB. K745, E758, T790, M793, D855."
Complex_MAPK1_P_EGFR_6_L_EGFR,"HI. L718, F723, V726, A743, L747, L844; HB. K745; HalB. T790."
Complex_MAPK1_P_EGFR_70_L_EGFR,"HI. L718, V726, A743, L792, M793, L844; HB. E762, T790, D855."
Complex_MAPK1_P_EGFR_72_L_EGFR,"HI. L718, V726, L858; HB. K745, T790, D855."
Complex_MAPK1_P_EGFR_73_L_EGFR,"HI. L718, F723, V726, A743, L844; HB. K745, E762, T790, M793, D855."
Complex_MAPK1_P_EGFR_78_L_EGFR,"HI. L718, A743, F795, Y801, L1001; HB. E762, T790, Q791."
Complex_MAPK1_P_EGFR_81_L_EGFR,"HI. L718, F723, A743; HB. T790, Q791, M793, G796, D855."
Complex_MAPK1_P_EGFR_82_L_EGFR,"HI. L718, V726, A743, K745, T790, L792, L844, L1001; HB. E762, T790, Q791, M793."
Complex_MAPK1_P_EGFR_83_L_EGFR,"HI. V726, A743, K745, L788, L792, M793, F795, L844; HB. T790, Q791, M793, P794."
Complex_MAPK1_P_EGFR_8_L_EGFR,"HI. L718, F723, V726, A743, L792, M793, L844; HB. K745, T790, D855."
Complex_MAPK1_P_EGFR_9_L_EGFR,"HI. V726, A743, L844; HB. T790, M793, P794, T854."
Complex_SRC_EGFR_P_MAPK1_204_L_MAPK1,"HI. I31, Y36, V39, A52, K54, D111, L156; HB. Q105, D106, D167; Wat. Q105."
Complex_SRC_MAPK1_P_EGFR_155_L_EGFR,"HI. L718, V726, A743, K745, L844; HB. K745, T790, Q791; SB. E762, D855; π-s. F723."
Complex_SRC_MAPK1_P_EGFR_156_L_EGFR,"HI. L718, F723, V726, A743, K745, L788, T790, L844; HB. E762, M793, D855."
Complex_SRC_P_EGFR_100_L_EGFR,"HI. F723, V726, K745, L788, T790; HB. K745, T790, T854."
Complex_SRC_P_EGFR_101_L_EGFR,"HI. L718, V726, K745, L788, T790, L792, L844, L1001; HB. A743, K745, T790, C797."
Complex_SRC_P_EGFR_102_L_EGFR,"HI. L718, F723, V726, A743, K745, L792, L844; HB. M793; π-s. F723."
Complex_SRC_P_EGFR_104_L_EGFR,"HI. L718, V726, A743, M793, L844; HB. K745, E762, T790, D855."
Complex_SRC_P_EGFR_109_L_EGFR,"HI. L718, F723, V726, A743, K745, T790, L844; HB. T790, Q791, M793; SB. D855."
Complex_SRC_P_EGFR_111_L_EGFR,"HI. L718, V726, A743, K745, L788, T790, L792, Y801, E804, L844, L1001; HB. E762, M793, T854, D855."
Complex_SRC_P_EGFR_112_L_EGFR,"HI. L718, A743, K745, L788, T790, L792, L844; HB. E762, T790, T854, D855; π-s. F723; HalB. K745."
Complex_SRC_P_EGFR_115_L_EGFR,"HI. L718, F723, V726, L792, T854, L1001; π-s. F723."
Complex_SRC_P_EGFR_116_L_EGFR,"HI. L718, V726, A743, L792, M793, L844; HB. E762, T790, T854; π-s. F723."
Complex_SRC_P_EGFR_118_L_EGFR,"HI. L718, F723, V726, K728, A743, K745, L792, L844, L1001; HB. M793, F795."
Complex_SRC_P_EGFR_120_L_EGFR,"HI. V726, A743, K745, L844, T854; HB. T790, Q791, M793."
Complex_SRC_P_EGFR_121_L_EGFR,"HI. L718, V726, A743, L844, T854; HB. M793, T854."
Complex_SRC_P_EGFR_126_L_EGFR,"HI. L718, V726, A743, L792, L844; HB. E762, T790, D855; π-s. F723."
Complex_SRC_P_EGFR_130_L_EGFR,"HI. L718, V726, A743, K745, L844; HB. E762, T790; π-s. F723; HalB. R841, T854."
Complex_SRC_P_EGFR_133_L_EGFR,"HI. L718, F723, V726, A743, K745, T790, L844; HB. T790, Q791, M793; SB. D855."
Complex_SRC_P_EGFR_134_L_EGFR,"HI. L718, V726, K745, L788, T790, L792, M793, L844; HB. M793, G796; HalB. G719."
Complex_SRC_P_EGFR_136_L_EGFR,"HI. L718, V726, K728, A743, K745, L792, L844, L1001; HB. M793."
Complex_SRC_P_EGFR_138_L_EGFR,"HI. F723, V726, A743, K745, L788, T790, L844; HB. M793, T854; π-s. F723."
Complex_SRC_P_EGFR_141_L_EGFR,"HI. L718, V726, L788, L792, D800, Y801, L844, L1001; HB. K745, M793."
Complex_SRC_P_EGFR_145_L_EGFR,"HI. L718, F723, V726, A743, L792, L844; HB. K745, E758, E762, Q791; π-c. K745."
Complex_SRC_P_EGFR_148_L_EGFR,"HI. L718, V726, K728, A743, K745, L792, L844, L1001; HB. M793."
Complex_SRC_P_EGFR_150_L_EGFR,"HI. L718, F723, K745, L788, T790, L792, M793, L844; HB. K745, D855."
Complex_SRC_P_EGFR_152_L_EGFR,"HI. V726, A743, K745, L788, T790; HB. L788, T854; π-s. F723."
Complex_SRC_P_EGFR_154_L_EGFR,"HI. L718, F723, V726, A743, L792, L844; HB. K745, E762, T790, Q791, T854, D855."
Complex_SRC_P_EGFR_90_L_EGFR,"HI. L718, F723, A743, K745, L792, L844; HB. T790."
Complex_SRC_P_EGFR_92_L_EGFR,"HI. L718, F723, V726, A743, L792, L844; HB. E758, E762, Q791; SB. D855."
Complex_SRC_P_EGFR_93_L_EGFR,"HI. A743, K745, L788, T790, L792, M793, L844; HB. M793."
Complex_SRC_P_EGFR_95_L_EGFR,"HI. L718, V726, A743, L792, L844, L1001; HB. M793, F795; SB. D800; π-s. F723."
Complex_SRC_P_EGFR_96_L_EGFR,"HI. L718, F723, V726, A743, K745, L792, M793, L844; HB. K745, E762, T790, Q791, T854, D855."
Complex_SRC_P_EGFR_97_L_EGFR,"HI. L718, V726, A743, K745, L788, T790, L792, L844, L1001; HB. E762, M793, P794, D855."
Complex_SRC_P_MAPK1_176_L_MAPK1,"HI. I31, V39, A52, I84, Q105, K114, L156, D167; HB. M108, D167."
Complex_SRC_P_MAPK1_203_L_MAPK1,"HI. V39, A52, M108, D167; HB. S41, R50, Q105, D111."
