,ligandos,Interacciones
0,Complex_EGFR_P_MAPK1_102_L_MAPK1,"HI. V39, A52, I84, Q105, L156; HB. K54, D167; SB. D149, D167."
1,Complex_EGFR_P_MAPK1_103_L_MAPK1,"HI. I31, K114, L156, D167; HB. D106, M108, K151, S153, D167."
2,Complex_EGFR_P_MAPK1_90_L_MAPK1,"HI. I31, V39, A52, L107, K114, L156, D167; HB. K54, D111, D167; SB. D167; Wat. Q105."
3,Complex_EGFR_P_MAPK1_94_L_MAPK1,"HI. Y36, K54, I56, D111, L156; HB. E33, D106, M108; SB. D167; Wat. Q105."
4,Complex_EGFR_P_MAPK1_97_L_MAPK1,"HI. Y36, V39, A52, K54, K114, L156; HB. E33, K54."
5,Complex_EGFR_P_MAPK1_SRC_127_L_MAPK1,"HI. I31, K114, L156, D167; HB. D106, M108, K151, S153, D167."
6,Complex_EGFR_P_MAPK1_SRC_127_L_SRC,"HI. L273, V281, K295, L393; HB. E339, M341, S345, D348."
7,Complex_EGFR_P_SRC_128_L_SRC,"HI. L273, A293, K295, I336, T338, Y340, L393; HB. M341; π-c. K295."
8,Complex_EGFR_P_SRC_129_L_SRC,"HI. L273, A293, K295, I336, T338, L393; HB. M341; π-c. K295."
9,Complex_EGFR_P_SRC_130_L_SRC,"HI. L273, V281, Y340, L393; HB. E339, M341, S345, A390; SB. D348."
10,Complex_EGFR_P_SRC_131_L_SRC,"HI. L273, V281, K295; HB. T338, M341."
11,Complex_EGFR_P_SRC_132_L_SRC,"HI. L273, K295, I336, T338, L393; HB. T338, M341; π-c. K295."
12,Complex_EGFR_P_SRC_133_L_SRC,"HI. L273, A293, K295, I336, T338, L393; HB. M341; π-c. K295."
13,Complex_EGFR_P_SRC_134_L_SRC,"HI. L273, A293, K295, T338, L393; HB. M341; π-c. K295."
14,Complex_EGFR_P_SRC_135_L_SRC,"HI. L273, V281, A293, K295, I336, T338, L393; HB. M341."
15,Complex_EGFR_P_SRC_136_L_SRC,"HI. L273, V281, Y340, A390, L393; HB. E339, M341, S345."
16,Complex_EGFR_P_SRC_137_L_SRC,"HI. L273, A293, K295, T338, L393; HB. E339, M341."
17,Complex_EGFR_P_SRC_138_L_SRC,"HI. L273, V281, K295, I336, T338; HB. T338, M341."
18,Complex_EGFR_P_SRC_139_L_SRC,"HI. L273, A293, K295, T338, L393; HB. E339, M341."
19,Complex_EGFR_P_SRC_140_L_SRC,"HI. L273, V281, L393; HB. E339, M341, S345; SB. D348."
20,Complex_EGFR_P_SRC_141_L_SRC,"HI. L273, A293, K295, I336, T338, L393; HB. M341; π-c. K295."
21,Complex_EGFR_P_SRC_142_L_SRC,"HI. L273, V281, K295, L393; HB. E339, M341, S345, D348."
22,Complex_EGFR_P_SRC_143_L_SRC,"HI. W286, T290, R318, Y326; HB. Y326; SB. E339."
23,Complex_MAPK1_P_EGFR_0_L_EGFR,"HI. V726, A743, K745, T790, M793, L844, P877; HB. T790, Q791; π-c. R841."
24,Complex_MAPK1_P_EGFR_10_L_EGFR,"HI. L718, F723, V726, Y801; HB. M793."
25,Complex_MAPK1_P_EGFR_15_L_EGFR,"HI. L718, F723, V726, A743, L792, M793, L844, P992, F997; HB. M793; π-s. F997; HalB. S720."
26,Complex_MAPK1_P_EGFR_18_L_EGFR,"HI. F723, V726, K745, P877, K879; HB. K745; SB. D855; π-s. F723."
27,Complex_MAPK1_P_EGFR_19_L_EGFR,"HI. L718, F723, V726, K875, A920; HB. T790; SB. D855."
28,Complex_MAPK1_P_EGFR_21_L_EGFR,"HI. L718, F723, A743, K745, M793, L799; HB. T790, Q791; π-s. W880; π-c. R841."
29,Complex_MAPK1_P_EGFR_22_L_EGFR,"HI. F723, V726, A743, L844, P877, I878, A920; HB. M793; SB. D855; π-c. F723."
30,Complex_MAPK1_P_EGFR_24_L_EGFR,"HI. L718, V726, K728, K745, L792, M793, L1001; HB. K745, T790, Q791, M793, P794."
31,Complex_MAPK1_P_EGFR_26_L_EGFR,"HI. L718, A743, K745, T790, M793, L844, A1000, L1001; HB. K716, T790, Q791, C797."
32,Complex_MAPK1_P_EGFR_27_L_EGFR,"HI. A743, K745, L788, L792, M793, L844, L1001; HB. T790, Q791, M793."
33,Complex_MAPK1_P_EGFR_2_L_EGFR,"HI. L718, L788, T790, L1001; HB. T790, Q791, M793."
34,Complex_MAPK1_P_EGFR_31_L_EGFR,"HI. L718, V726, L844; HB. C797, N842, D855; HalB. A743, L788; π-c. K745."
35,Complex_MAPK1_P_EGFR_36_L_EGFR,"HI. V726, A743, K745, T790, M793, L799, L844, K879; HB. T790, Q791; π-s. W880."
36,Complex_MAPK1_P_EGFR_37_L_EGFR,"HI. L718, V726, A743, L788, T790, L844, K875; HB. K745, M793, K875; SB. D855."
37,Complex_MAPK1_P_EGFR_3_L_EGFR,"HI. V726, K745, L844, K875, P877; HB. K745, M793; SB. E762, D855; HalB. Q791."
38,Complex_SRC_EGFR_P_MAPK1_126_L_MAPK1,"HI. Y36, V39, K54, D111, L156; HB. I31, Q105, D167; Wat. K54, Q105."
39,Complex_SRC_MAPK1_P_EGFR_81_L_EGFR,"HI. L718, V726, L844, D855; HB. K745, Q791, M793; SB. D800."
40,Complex_SRC_MAPK1_P_EGFR_82_L_EGFR,"HI. L718, V726, A743, L788, T790, L844; HB. E762, M793, D855; π-s. F723."
41,Complex_SRC_P_EGFR_39_L_EGFR,"HI. L718, F723, V726, L844; HB. Q791; SB. D855."
42,Complex_SRC_P_EGFR_45_L_EGFR,"HI. L718, F723, V726, A743; HB. T790, M793; HalB. L788."
43,Complex_SRC_P_EGFR_47_L_EGFR,"HI. L718, F723, V726, K745, L844; HB. T790, Q791, D837, G857."
44,Complex_SRC_P_EGFR_49_L_EGFR,"HI. L718, F723, V726, K745, L844, T854, D855; HB. T790, M793."
45,Complex_SRC_P_EGFR_50_L_EGFR,"HI. L718, D800, L844; HB. Q791, M793, D800."
46,Complex_SRC_P_EGFR_51_L_EGFR,"HI. A743, K745, L788, T790, T854; HB. M793."
47,Complex_SRC_P_EGFR_52_L_EGFR,"HI. L718, F723, V726, A743, K745, L788, T790, L844; HB. L718, E762, D855, G857; SB. K745; π-s. F723."
48,Complex_SRC_P_EGFR_53_L_EGFR,"HI. L718, F723, V726, T790, L844; HB. M793, G796."
49,Complex_SRC_P_EGFR_54_L_EGFR,"HI. L718, F723, V726, K745, L844, T854; HB. K716, T790, M793."
50,Complex_SRC_P_EGFR_56_L_EGFR,"HI. L718, V726, A743, K745, L788, T790, L792, F795, L844, F997, L1001; HB. E762, M793, T854, D855."
51,Complex_SRC_P_EGFR_60_L_EGFR,"HI. L718, V726, K728, A743, K745, L792, L844, L1001; HB. K716, L718, M793."
52,Complex_SRC_P_EGFR_65_L_EGFR,"HI. L718, F723, V726, A743, K745, L788, T790, L844; HB. T790, M793."
53,Complex_SRC_P_EGFR_68_L_EGFR,"HI. L718, F723, V726, A743, K745, L792, L844, T854; HB. K716, K728, T790, M793."
54,Complex_SRC_P_EGFR_71_L_EGFR,"HI. L718, F723, A743, K745, L788, L792, M793, R841, L844, T854; HB. T790, D837, N842, T854, D855; SB. R841."
55,Complex_SRC_P_EGFR_72_L_EGFR,"HI. L718, V726, A743, K745, L788, T790, L792, F795, L844, L1001; HB. E762, M793, D855."
56,Complex_SRC_P_EGFR_73_L_EGFR,"HI. L718, F723, V726, K745, L844, T854, D855; HB. K745, E762, T790, C797."
57,Complex_SRC_P_EGFR_74_L_EGFR,"HI. L718, F723, V726, L792; HB. T790; HalB. E762."
58,Complex_SRC_P_EGFR_75_L_EGFR,"HI. L718, V726, A743, K745, L792, L844, L1001; HB. M793."
59,Complex_SRC_P_EGFR_76_L_EGFR,"HI. L718, F723, V726, A743, K745, L788, T790; HB. M793."
60,Complex_SRC_P_EGFR_79_L_EGFR,"HI. L718, F723, V726, L844, L1001; HB. T790, M793, G796, T854."
61,Complex_SRC_P_EGFR_MAPK1_84_L_EGFR,"HI. L858, P877, W880; HB. R836, R841, D855, K875."
62,Complex_SRC_P_EGFR_MAPK1_84_L_MAPK1,"HI. I31, V39, L156, D167; HB. D106, E109."
63,Complex_SRC_P_EGFR_STAT3_85_L_EGFR,"HI. L718, A743, K745, L788, T790, L792, L844; HB. E762, T790, T854, D855; π-s. F723; HalB. K745."
64,Complex_SRC_P_EGFR_STAT3_85_L_STAT3,"HI. V637, E638; HB. P639, Y640; HalB. I653."
65,Complex_SRC_P_MAPK1_105_L_MAPK1,"HI. I31, V39, L156; HB. D106, M108."
